sounds;Value
n_Vc-nonvib-C6-ff.wav;0.709750066587007
n_Hp-ord-C5-ff.wav;0.707780060568376
n_BTb-ord-C4-pp.wav;0.186541287306509
n_ClBb-ord-C4-pp.wav;0.186335375744221
n_Cb-pizz_lv-C3-pp.wav;0.357526026567765
n_Hn-ord-C4-mf.wav;0.355954677788777
n_ASax-mul-E4+_C#5_A5+-mf.wav;0.355574305058507
n_Fl-aeolian+ord-C4-pp.wav;0.355034428928888
n_BTb-ord-C1-mf.wav;0.354624428057076
n_TpC-ord-C5-pp.wav;0.54873837284875